{
    "domain_ids": {
        "agnews": 0,
        "AllNLI": 1,
        "altlex": 2,
        "amazon_review_2018_1m": 3,
        "cnn_dailymail": 4,
        "codesearchnet": 5,
        "dureader": 6,
        "eli5_question_answer": 7,
        "gooaq_pairs": 8,
        "hotpotqa": 9,
        "medmcqa": 10,
        "miracl": 11,
        "mr_tydi_combined": 12,
        "msmarco": 13,
        "nq": 14,
        "quora_duplicates_triplets": 15,
        "searchQA_top5_snippets": 16,
        "sentence-compression": 17,
        "SimpleWiki": 18,
        "squad_pairs": 19,
        "stackexchange_duplicate_questions_title-body_title-body": 20,
        "t2ranking": 21,
        "trivia": 22,
        "xsum": 23,
        "yahoo_answers_title_answer": 24
    },
    "domain_weights": {
        "agnews": 0.05625590309500694,
        "AllNLI": 0.0005249078967608511,
        "altlex": 0.0005660879542119801,
        "amazon_review_2018_1m": 0.04246868938207626,
        "cnn_dailymail": 0.0009309984161518514,
        "codesearchnet": 0.015359760262072086,
        "dureader": 0.011008559726178646,
        "eli5_question_answer": 0.08468335121870041,
        "gooaq_pairs": 0.05999060347676277,
        "hotpotqa": 0.013051246292889118,
        "medmcqa": 0.09397809207439423,
        "miracl": 0.13141760230064392,
        "mr_tydi_combined": 0.02523776702582836,
        "msmarco": 0.07129085063934326,
        "nq": 0.08751897513866425,
        "quora_duplicates_triplets": 0.0018825194565579295,
        "searchQA_top5_snippets": 0.006618100684136152,
        "sentence-compression": 0.0010978878708556294,
        "SimpleWiki": 0.0007254859083332121,
        "squad_pairs": 0.007236644625663757,
        "stackexchange_duplicate_questions_title-body_title-body": 0.04724849388003349,
        "t2ranking": 0.08853926509618759,
        "trivia": 0.06231171637773514,
        "xsum": 0.006288337055593729,
        "yahoo_answers_title_answer": 0.08376812934875488
    },
    "size": {
        "agnews": 1157745,
        "AllNLI": 277230,
        "altlex": 112696,
        "amazon_review_2018_1m": 999999,
        "cnn_dailymail": 311971,
        "codesearchnet": 1375067,
        "dureader": 86395,
        "eli5_question_answer": 325390,
        "gooaq_pairs": 3012347,
        "hotpotqa": 85000,
        "medmcqa": 160865,
        "miracl": 32405,
        "mr_tydi_combined": 48475,
        "msmarco": 502854,
        "nq": 58800,
        "quora_duplicates_triplets": 97011,
        "searchQA_top5_snippets": 117219,
        "sentence-compression": 180000,
        "SimpleWiki": 102225,
        "squad_pairs": 87595,
        "stackexchange_duplicate_questions_title-body_title-body": 250516,
        "t2ranking": 200376,
        "trivia": 60370,
        "xsum": 226711,
        "yahoo_answers_title_answer": 1198018
    },
    "epoch": {
        "agnews": 0.5377693975834993,
        "AllNLI": 0.02095481249382618,
        "altlex": 0.05559251343340636,
        "amazon_review_2018_1m": 0.47001334663781164,
        "cnn_dailymail": 0.03302749342441785,
        "codesearchnet": 0.12362362528751338,
        "dureader": 1.4102067583348852,
        "eli5_question_answer": 2.8802801538943994,
        "gooaq_pairs": 0.22040382666615335,
        "hotpotqa": 1.6993152596748926,
        "medmcqa": 6.465557199223583,
        "miracl": 44.883055133154464,
        "mr_tydi_combined": 5.762009989677353,
        "msmarco": 1.5690355559740816,
        "nq": 16.47273814919449,
        "quora_duplicates_triplets": 0.21476296431512346,
        "searchQA_top5_snippets": 0.6248506926311124,
        "sentence-compression": 0.06750351375201717,
        "SimpleWiki": 0.0785439538623428,
        "squad_pairs": 0.9143212778436668,
        "stackexchange_duplicate_questions_title-body_title-body": 2.0873409736249067,
        "t2ranking": 4.890250518094657,
        "trivia": 11.423243538727522,
        "xsum": 0.3069757838333004,
        "yahoo_answers_title_answer": 0.7738492598432477
    }
}