{
    "domain_ids": {
        "agnews": 0,
        "AllNLI": 1,
        "altlex": 2,
        "amazon_review_2018_1m": 3,
        "cnn_dailymail": 4,
        "codesearchnet": 5,
        "dureader": 6,
        "eli5_question_answer": 7,
        "gooaq_pairs": 8,
        "hotpotqa": 9,
        "medmcqa": 10,
        "miracl": 11,
        "mr_tydi_combined": 12,
        "msmarco": 13,
        "nq": 14,
        "quora_duplicates_triplets": 15,
        "searchQA_top5_snippets": 16,
        "sentence-compression": 17,
        "SimpleWiki": 18,
        "squad_pairs": 19,
        "stackexchange_duplicate_questions_title-body_title-body": 20,
        "t2ranking": 21,
        "trivia": 22,
        "xsum": 23,
        "yahoo_answers_title_answer": 24
    },
    "domain_weights": {
        "agnews": 0.05650797858834267,
        "AllNLI": 0.0005497261299751699,
        "altlex": 0.0005925804143771529,
        "amazon_review_2018_1m": 0.0425771027803421,
        "cnn_dailymail": 0.0009705621632747352,
        "codesearchnet": 0.01567063480615616,
        "dureader": 0.011240338906645775,
        "eli5_question_answer": 0.08420861512422562,
        "gooaq_pairs": 0.06044239550828934,
        "hotpotqa": 0.013246644288301468,
        "medmcqa": 0.09367379546165466,
        "miracl": 0.13019075989723206,
        "mr_tydi_combined": 0.025582067668437958,
        "msmarco": 0.07153081148862839,
        "nq": 0.08719605952501297,
        "quora_duplicates_triplets": 0.0019434791756793857,
        "searchQA_top5_snippets": 0.006785436067730188,
        "sentence-compression": 0.001138562336564064,
        "SimpleWiki": 0.0007566356216557324,
        "squad_pairs": 0.007395475637167692,
        "stackexchange_duplicate_questions_title-body_title-body": 0.04736883565783501,
        "t2ranking": 0.08856797218322754,
        "trivia": 0.06230604276061058,
        "xsum": 0.0064073409885168076,
        "yahoo_answers_title_answer": 0.08314990252256393
    },
    "size": {
        "agnews": 1157745,
        "AllNLI": 277230,
        "altlex": 112696,
        "amazon_review_2018_1m": 999999,
        "cnn_dailymail": 311971,
        "codesearchnet": 1375067,
        "dureader": 86395,
        "eli5_question_answer": 325390,
        "gooaq_pairs": 3012347,
        "hotpotqa": 85000,
        "medmcqa": 160865,
        "miracl": 32405,
        "mr_tydi_combined": 48475,
        "msmarco": 502854,
        "nq": 58800,
        "quora_duplicates_triplets": 97011,
        "searchQA_top5_snippets": 117219,
        "sentence-compression": 180000,
        "SimpleWiki": 102225,
        "squad_pairs": 87595,
        "stackexchange_duplicate_questions_title-body_title-body": 250516,
        "t2ranking": 200376,
        "trivia": 60370,
        "xsum": 226711,
        "yahoo_answers_title_answer": 1198018
    },
    "epoch": {
        "agnews": 0.5401790733461972,
        "AllNLI": 0.0219455794962724,
        "altlex": 0.0581941982717042,
        "amazon_review_2018_1m": 0.47121318927201383,
        "cnn_dailymail": 0.034431031148302926,
        "codesearchnet": 0.12612571109442372,
        "dureader": 1.4398978873168893,
        "eli5_question_answer": 2.864133261600048,
        "gooaq_pairs": 0.22206369815993324,
        "hotpotqa": 1.7247567223415656,
        "medmcqa": 6.4446220311246165,
        "miracl": 44.464051633866326,
        "mr_tydi_combined": 5.840616933791646,
        "msmarco": 1.5743168382311112,
        "nq": 16.411959279931725,
        "quora_duplicates_triplets": 0.2217174156684598,
        "searchQA_top5_snippets": 0.6406497315594653,
        "sentence-compression": 0.0700043787567152,
        "SimpleWiki": 0.08191634417058502,
        "squad_pairs": 0.9343889446853503,
        "stackexchange_duplicate_questions_title-body_title-body": 2.092657425071629,
        "t2ranking": 4.891836084081879,
        "trivia": 11.422203427590695,
        "xsum": 0.3127851616171791,
        "yahoo_answers_title_answer": 0.768138085729865
    }
}