{
    "domain_ids": {
        "agnews": 0,
        "AllNLI": 1,
        "altlex": 2,
        "amazon_review_2018_1m": 3,
        "cnn_dailymail": 4,
        "codesearchnet": 5,
        "dureader": 6,
        "eli5_question_answer": 7,
        "gooaq_pairs": 8,
        "hotpotqa": 9,
        "medmcqa": 10,
        "miracl": 11,
        "mr_tydi_combined": 12,
        "msmarco": 13,
        "nq": 14,
        "quora_duplicates_triplets": 15,
        "searchQA_top5_snippets": 16,
        "sentence-compression": 17,
        "SimpleWiki": 18,
        "squad_pairs": 19,
        "stackexchange_duplicate_questions_title-body_title-body": 20,
        "t2ranking": 21,
        "trivia": 22,
        "xsum": 23,
        "yahoo_answers_title_answer": 24
    },
    "domain_weights": {
        "agnews": 0.05054715648293495,
        "AllNLI": 0.010747158899903297,
        "altlex": 0.010521311312913895,
        "amazon_review_2018_1m": 0.04338859021663666,
        "cnn_dailymail": 0.011927931569516659,
        "codesearchnet": 0.03362340107560158,
        "dureader": 0.028891345486044884,
        "eli5_question_answer": 0.06480490416288376,
        "gooaq_pairs": 0.058616798371076584,
        "hotpotqa": 0.027976995334029198,
        "medmcqa": 0.06937368959188461,
        "miracl": 0.08544455468654633,
        "mr_tydi_combined": 0.04216904938220978,
        "msmarco": 0.060024797916412354,
        "nq": 0.06375119835138321,
        "quora_duplicates_triplets": 0.01605900563299656,
        "searchQA_top5_snippets": 0.022086305543780327,
        "sentence-compression": 0.012585465796291828,
        "SimpleWiki": 0.011228764429688454,
        "squad_pairs": 0.022301891818642616,
        "stackexchange_duplicate_questions_title-body_title-body": 0.049569275230169296,
        "t2ranking": 0.07132187485694885,
        "trivia": 0.05387842655181885,
        "xsum": 0.021264249458909035,
        "yahoo_answers_title_answer": 0.05789710581302643
    },
    "size": {
        "agnews": 1157745,
        "AllNLI": 277230,
        "altlex": 112696,
        "amazon_review_2018_1m": 999999,
        "cnn_dailymail": 311971,
        "codesearchnet": 1375067,
        "dureader": 86395,
        "eli5_question_answer": 325390,
        "gooaq_pairs": 3012347,
        "hotpotqa": 85000,
        "medmcqa": 160865,
        "miracl": 32405,
        "mr_tydi_combined": 48475,
        "msmarco": 502854,
        "nq": 58800,
        "quora_duplicates_triplets": 97011,
        "searchQA_top5_snippets": 117219,
        "sentence-compression": 180000,
        "SimpleWiki": 102225,
        "squad_pairs": 87595,
        "stackexchange_duplicate_questions_title-body_title-body": 250516,
        "t2ranking": 200376,
        "trivia": 60370,
        "xsum": 226711,
        "yahoo_answers_title_answer": 1198018
    },
    "epoch": {
        "agnews": 0.48319753831841755,
        "AllNLI": 0.4290366004751353,
        "altlex": 1.0332425131964371,
        "amazon_review_2018_1m": 0.48019415692693546,
        "cnn_dailymail": 0.42314753134323485,
        "codesearchnet": 0.2706192456483821,
        "dureader": 3.7010082767613266,
        "eli5_question_answer": 2.2041673676013405,
        "gooaq_pairs": 0.21535650450504157,
        "hotpotqa": 3.642696952004643,
        "medmcqa": 4.772809792972199,
        "miracl": 29.181879684965914,
        "mr_tydi_combined": 9.62757456104678,
        "msmarco": 1.3210817563037225,
        "nq": 11.999189838270347,
        "quora_duplicates_triplets": 1.8320552500432956,
        "searchQA_top5_snippets": 2.0852876037039145,
        "sentence-compression": 0.7738159660999145,
        "SimpleWiki": 1.2156701393729756,
        "squad_pairs": 2.8177553660212005,
        "stackexchange_duplicate_questions_title-body_title-body": 2.189868305295263,
        "t2ranking": 3.939289930764228,
        "trivia": 9.87721770098416,
        "xsum": 1.038050217023412,
        "yahoo_answers_title_answer": 0.5348529665016645
    }
}