{
    "domain_ids": {
        "miracl": 0,
        "medmcqa": 1,
        "t2ranking": 2,
        "nq": 3,
        "eli5_question_answer": 4
    },
    "domain_weights": {
        "miracl": 0.2,
        "medmcqa": 0.2,
        "t2ranking": 0.2,
        "nq": 0.2,
        "eli5_question_answer": 0.2
    },
    "size": {
        "miracl": 32405,
        "medmcqa": 160865,
        "t2ranking": 200376,
        "nq": 58800,
        "eli5_question_answer": 325390
    },
    "epoch": {
        "miracl": 4.8007159388983185,
        "medmcqa": 0.967066795138781,
        "t2ranking": 0.7763764123447918,
        "nq": 2.645700680272109,
        "eli5_question_answer": 0.47809459417929256
    }
}