{
    "domain_ids": {
        "miracl": 0,
        "medmcqa": 1,
        "t2ranking": 2,
        "nq": 3,
        "eli5_question_answer": 4,
        "yahoo_answers_title_answer": 5,
        "msmarco": 6,
        "trivia": 7,
        "gooaq_pairs": 8,
        "agnews": 9,
        "stackexchange_duplicate_questions_title-body_title-body": 10,
        "amazon_review_2018_1m": 11,
        "mr_tydi_combined": 12,
        "codesearchnet": 13,
        "hotpotqa": 14
    },
    "domain_weights": {
        "miracl": 0.06666666666666667,
        "medmcqa": 0.06666666666666667,
        "t2ranking": 0.06666666666666667,
        "nq": 0.06666666666666667,
        "eli5_question_answer": 0.06666666666666667,
        "yahoo_answers_title_answer": 0.06666666666666667,
        "msmarco": 0.06666666666666667,
        "trivia": 0.06666666666666667,
        "gooaq_pairs": 0.06666666666666667,
        "agnews": 0.06666666666666667,
        "stackexchange_duplicate_questions_title-body_title-body": 0.06666666666666667,
        "amazon_review_2018_1m": 0.06666666666666667,
        "mr_tydi_combined": 0.06666666666666667,
        "codesearchnet": 0.06666666666666667,
        "hotpotqa": 0.06666666666666667
    },
    "size": {
        "miracl": 32405,
        "medmcqa": 160865,
        "t2ranking": 200376,
        "nq": 58800,
        "eli5_question_answer": 325390,
        "yahoo_answers_title_answer": 1198018,
        "msmarco": 502854,
        "trivia": 60370,
        "gooaq_pairs": 3012347,
        "agnews": 1157745,
        "stackexchange_duplicate_questions_title-body_title-body": 250516,
        "amazon_review_2018_1m": 999999,
        "mr_tydi_combined": 48475,
        "codesearchnet": 1375067,
        "hotpotqa": 85000
    },
    "epoch": {
        "miracl": 19.478942550018,
        "medmcqa": 3.9238811011303474,
        "t2ranking": 3.1501533783154336,
        "nq": 10.734951247165533,
        "eli5_question_answer": 1.9398725631805935,
        "yahoo_answers_title_answer": 0.5268828459449969,
        "msmarco": 1.2552652128318225,
        "trivia": 10.45577494340456,
        "gooaq_pairs": 0.20954263679892565,
        "agnews": 0.5452108480998262,
        "stackexchange_duplicate_questions_title-body_title-body": 2.51965995518583,
        "amazon_review_2018_1m": 0.6312157645490979,
        "mr_tydi_combined": 13.021457108475158,
        "codesearchnet": 0.459043183592751,
        "hotpotqa": 7.426060392156862
    }
}