{
    "domain_ids": {
        "miracl": 0,
        "medmcqa": 1,
        "t2ranking": 2,
        "nq": 3,
        "eli5_question_answer": 4,
        "yahoo_answers_title_answer": 5,
        "msmarco": 6,
        "trivia": 7,
        "gooaq_pairs": 8,
        "agnews": 9,
        "stackexchange_duplicate_questions_title-body_title-body": 10,
        "amazon_review_2018_1m": 11,
        "mr_tydi_combined": 12,
        "codesearchnet": 13,
        "hotpotqa": 14,
        "dureader": 15,
        "squad_pairs": 16
    },
    "domain_weights": {
        "miracl": 0.058823529411764705,
        "medmcqa": 0.058823529411764705,
        "t2ranking": 0.058823529411764705,
        "nq": 0.058823529411764705,
        "eli5_question_answer": 0.058823529411764705,
        "yahoo_answers_title_answer": 0.058823529411764705,
        "msmarco": 0.058823529411764705,
        "trivia": 0.058823529411764705,
        "gooaq_pairs": 0.058823529411764705,
        "agnews": 0.058823529411764705,
        "stackexchange_duplicate_questions_title-body_title-body": 0.058823529411764705,
        "amazon_review_2018_1m": 0.058823529411764705,
        "mr_tydi_combined": 0.058823529411764705,
        "codesearchnet": 0.058823529411764705,
        "hotpotqa": 0.058823529411764705,
        "dureader": 0.058823529411764705,
        "squad_pairs": 0.058823529411764705
    },
    "size": {
        "miracl": 32405,
        "medmcqa": 160865,
        "t2ranking": 200376,
        "nq": 58800,
        "eli5_question_answer": 325390,
        "yahoo_answers_title_answer": 1198018,
        "msmarco": 502854,
        "trivia": 60370,
        "gooaq_pairs": 3012347,
        "agnews": 1157745,
        "stackexchange_duplicate_questions_title-body_title-body": 250516,
        "amazon_review_2018_1m": 999999,
        "mr_tydi_combined": 48475,
        "codesearchnet": 1375067,
        "hotpotqa": 85000,
        "dureader": 86395,
        "squad_pairs": 87595
    },
    "epoch": {
        "miracl": 17.503139493723733,
        "medmcqa": 3.5258709805993695,
        "t2ranking": 2.830624602218417,
        "nq": 9.646075430172068,
        "eli5_question_answer": 1.7431059199548775,
        "yahoo_answers_title_answer": 0.4734396605844967,
        "msmarco": 1.1279401879951587,
        "trivia": 9.395216751600424,
        "gooaq_pairs": 0.18828814718029416,
        "agnews": 0.48990860275286663,
        "stackexchange_duplicate_questions_title-body_title-body": 2.2640838720645293,
        "amazon_review_2018_1m": 0.56718980248392,
        "mr_tydi_combined": 11.700654673421715,
        "codesearchnet": 0.4124811629499636,
        "hotpotqa": 6.672814532871971,
        "dureader": 6.565070146352423,
        "squad_pairs": 6.475132545169446
    }
}