{
    "domain_ids": {
        "miracl": 0,
        "medmcqa": 1,
        "t2ranking": 2,
        "nq": 3,
        "eli5_question_answer": 4,
        "yahoo_answers_title_answer": 5,
        "msmarco": 6,
        "trivia": 7,
        "gooaq_pairs": 8,
        "agnews": 9,
        "stackexchange_duplicate_questions_title-body_title-body": 10,
        "amazon_review_2018_1m": 11,
        "mr_tydi_combined": 12,
        "codesearchnet": 13,
        "hotpotqa": 14,
        "dureader": 15,
        "squad_pairs": 16,
        "searchQA_top5_snippets": 17,
        "xsum": 18,
        "quora_duplicates_triplets": 19,
        "sentence-compression": 20,
        "cnn_dailymail": 21
    },
    "domain_weights": {
        "miracl": 0.045454545454545456,
        "medmcqa": 0.045454545454545456,
        "t2ranking": 0.045454545454545456,
        "nq": 0.045454545454545456,
        "eli5_question_answer": 0.045454545454545456,
        "yahoo_answers_title_answer": 0.045454545454545456,
        "msmarco": 0.045454545454545456,
        "trivia": 0.045454545454545456,
        "gooaq_pairs": 0.045454545454545456,
        "agnews": 0.045454545454545456,
        "stackexchange_duplicate_questions_title-body_title-body": 0.045454545454545456,
        "amazon_review_2018_1m": 0.045454545454545456,
        "mr_tydi_combined": 0.045454545454545456,
        "codesearchnet": 0.045454545454545456,
        "hotpotqa": 0.045454545454545456,
        "dureader": 0.045454545454545456,
        "squad_pairs": 0.045454545454545456,
        "searchQA_top5_snippets": 0.045454545454545456,
        "xsum": 0.045454545454545456,
        "quora_duplicates_triplets": 0.045454545454545456,
        "sentence-compression": 0.045454545454545456,
        "cnn_dailymail": 0.045454545454545456
    },
    "size": {
        "miracl": 32405,
        "medmcqa": 160865,
        "t2ranking": 200376,
        "nq": 58800,
        "eli5_question_answer": 325390,
        "yahoo_answers_title_answer": 1198018,
        "msmarco": 502854,
        "trivia": 60370,
        "gooaq_pairs": 3012347,
        "agnews": 1157745,
        "stackexchange_duplicate_questions_title-body_title-body": 250516,
        "amazon_review_2018_1m": 999999,
        "mr_tydi_combined": 48475,
        "codesearchnet": 1375067,
        "hotpotqa": 85000,
        "dureader": 86395,
        "squad_pairs": 87595,
        "searchQA_top5_snippets": 117219,
        "xsum": 226711,
        "quora_duplicates_triplets": 97011,
        "sentence-compression": 180000,
        "cnn_dailymail": 311971
    },
    "epoch": {
        "miracl": 14.833750403276712,
        "medmcqa": 2.988143361316519,
        "t2ranking": 2.398928423654439,
        "nq": 8.174960575139147,
        "eli5_question_answer": 1.4772663014173202,
        "yahoo_answers_title_answer": 0.4012357759384098,
        "msmarco": 0.9559189781093157,
        "trivia": 7.962360142756035,
        "gooaq_pairs": 0.15957248013531702,
        "agnews": 0.4151930535810406,
        "stackexchange_duplicate_questions_title-body_title-body": 1.9187903440027057,
        "amazon_review_2018_1m": 0.48068816250634433,
        "mr_tydi_combined": 9.916197665150733,
        "codesearchnet": 0.34957400753431056,
        "hotpotqa": 5.655149197860963,
        "dureader": 5.563836817155875,
        "squad_pairs": 5.487615523924674,
        "searchQA_top5_snippets": 4.1007659322992165,
        "xsum": 2.1202662500636573,
        "quora_duplicates_triplets": 4.954981206442381,
        "sentence-compression": 2.6704871212121213,
        "cnn_dailymail": 1.5408088630615724
    }
}